id;first_name;last_name;gender;email;phone;address_line_1;address_line_2;city;country
1;Sherman;MacGyver;MALE;"i'z*WA@""./RSr]";240.574.1041 x2086;knowledge base Buckinghamshire;Concrete Investment Account Saint Lucia;East Twilaton;Morocco
2;Effie;Powlowski;OTHER;"G+fcJ)@^.OOf";(482) 148-8538 x18339;contextually-based;synergies copying;Gutmanntown;Central African Republic
3;Johnathon;Lesch;MALE;"vfX@""yqGv.BY|9&";557-430-9292;Moroccan Dirham;capability zero tolerance Computers;Westonport;Iran
4;Amelie;Bartoletti;OTHER;"11%A%W@P.v4gc,";(495) 256-0732 x278;Point Orchestrator;Solomon Islands Licensed;Corwinborough;Lithuania
5;Chyna;Powlowski;MALE;"ef@,z&T.BA";1-823-601-9633 x598;Forint;Concrete Global SMS;East Magdalena;Chile
6;Reanna;Wunsch;OTHER;"'>zj@s!F1.L!";(613) 237-7888 x84786;Unbranded Cheese Dynamic;Alabama transform;Ondrickashire;Albania
7;Ed;Crooks;MALE;"E5O`o^@BE_G\+.6Vp";1-024-317-3678 x7635;Sleek turn-key;Ergonomic;Watsonshire;Hong Kong
8;Jeanne;Toy;FEMALE;"W4@r1_{.O";1-425-076-0199 x4929;out-of-the-box Automotive Tactics;Venezuela Wisconsin;Stehrton;France
9;Elmo;Hoppe;MALE;"f8ZY(@[UBM.l/Y";986.950.0266;intuitive Open-architected system-worthy;program;Bridiechester;Pitcairn Islands
10;Floy;Lueilwitz;FEMALE;"8@yD;w.[!Fg8";(505) 671-6073;Unbranded Fresh Pants Tools California;North Dakota Garden;East Karen;Wallis and Futuna
